https://www.kozmetikalacno.sk/Zjemnujuci-krem-na-popraskane-paty-Feet-Up-Advanced-d710.htm	Zjemňujúci krém na popraskané päty Feet Up Advanced	3.90
https://www.kozmetikalacno.sk/Vyzivujuce-pletove-kapsule-s-vitaminom-E-d1485.htm	Vyživujúce pleťové kapsule s vitamínom E	7.90
https://www.kozmetikalacno.sk/Ocna-linka-The-ONE-Wonder-d1594.htm	Očná linka The ONE Wonder	3.90
https://www.kozmetikalacno.sk/osetrujuci-telovy-krem-s-bio-ovsom-a-marhulou-love-nature	Ošetrujúci telový krém s bio ovsom a marhuľou Love Nature	4.90
https://www.kozmetikalacno.sk/toaletna-voda-signature-generation-for-him	Toaletná voda Signature Generation for him	12.90
https://www.kozmetikalacno.sk/ultra-hydratacny-booster-proceuticals-novage	Ultra hydratačný booster Proceuticals Novage+	14.90
https://www.kozmetikalacno.sk/serum-na-citlivu-plet-novage-skinrelief	Sérum na citlivú pleť NovAge Skinrelief	19.90
https://www.kozmetikalacno.sk/Manikurova-sada-Queen-d1442.htm	Manikúrová sada Queen	3.90
https://www.kozmetikalacno.sk/Pletovy-krem-s-kanolovym-olejom-Essentials-d1454.htm	Pleťový krém s kanolovým olejom Essentials	2.90
https://www.kozmetikalacno.sk/Univerzalny-odlicovac-make-upu-The-ONE-d1044.htm	Univerzálny odličovač make-upu The ONE	3.90
https://www.kozmetikalacno.sk/Pilingovy-roztok-so-6-AHA-NovAge-ProCeuticals-d1642.htm	Pílingový roztok so 6 % AHA NovAge ProCeuticals	15.90
https://www.kozmetikalacno.sk/rozjasnujuci-nocny-krem-novage-brilliance	Rozjasňujúci nočný krém NovAge Brilliance	19.90
https://www.kozmetikalacno.sk/ocny-tien-v-ceruzke-the-one-colour-unlimited	Očný tieň v ceruzke THE ONE Colour Unlimited	4.90
https://www.kozmetikalacno.sk/Toaletna-voda-Soul-Focus-d1264.htm	Toaletná voda Soul Focus	10.90
https://www.kozmetikalacno.sk/Toaletna-voda-Eclat-Mademoiselle-d1132.htm	Toaletná voda Eclat Mademoiselle	15.90
https://www.kozmetikalacno.sk/osviezujuci-cistiaci-krem-s-organickym-aloe-vera-a-kokosovou-vodou-love-nature	Osviežujúci čistiaci krém s organickým aloe vera a kokosovou vodou Love Nature	2.90
https://www.kozmetikalacno.sk/vyzivujuci-krem-na-ruky-s-bio-kokosovym-olejom-love-nature	Vyživujúci krém na ruky s bio kokosovým olejom Love Nature	2.90
https://www.kozmetikalacno.sk/Toaletna-voda-Joyce-Rose-d1477.htm	Toaletná voda Joyce Rose	9.90
https://www.kozmetikalacno.sk/Panska-parfumovana-voda-Eclat-Nuit-d1661.htm	Pánska parfumovaná voda Eclat Nuit	15.90
https://www.kozmetikalacno.sk/Spevnujuce-pletove-kapsuly-Royal-Velvet-d677.htm	Spevňujúce pleťové kapsuly Royal Velvet	12.90
